"cikkszam","megnevezes","szin","osztaly","meret","indulo_keszlet"
15103,"Ruha","bordó","1","XS",5
15103,"Ruha","s.kék","1","XS",7
15220,"Kardigán","szürke","1","XS",2
15487,"Ruha","fehér/türkiz","1","XS",1
15506,"Ruha","sárga","1","XS",1
15506,"Ruha","fehér","1","XS",2
15508,"Szoknya","sárga","1","XS",1
15508,"Szoknya","fehér","1","XS",1
15509,"Pulóver","piros","1","XS",1
15515,"Ruha","mustár","1","XS",4
15563,"Pulóver","v.szürke","1","XS",3
15563,"Pulóver","s.barna","1","XS",2
15568,"Garbó","v.kék (farmer)","1","XS",7
15568,"Garbó","k.kék (antra)","1","XS",7
15568,"Garbó","fekete","1","XS",6
15568,"Garbó","barna","1","XS",7
15569,"Garbó","piros","1","XS",2
15569,"Garbó","v.kék","1","XS",1
15569,"Garbó","sárga","1","XS",4
15569,"Garbó","piros","1","XS",1
15569,"Garbó","k.kék","1","XS",5
15569,"Garbó","s.kék","1","XS",9
15569,"Garbó","fekete","1","XS",2
15569,"Garbó","f.kék","1","XS",4
15569,"Garbó","narancs","1","XS",1
15569,"Garbó","s.lila","1","XS",3
15569,"Garbó","v.lila","1","XS",1
15596,"Mellény","fekete","1","XS",5
15633,"Ruha","szürke/bordó","1","XS",5
15633,"Ruha","barna/narancs","1","XS",1
15634,"Tunika","sárga","1","XS",1
15634,"Tunika","piros","1","XS",1
15634,"Tunika","k.kék","1","XS",10
15634,"Tunika","s.kék (f)","1","XS",6
15634,"Tunika","fekete","1","XS",7
15634,"Tunika","f.kék","1","XS",7
15636,"Szoknya","s.kék","1","XS",7
15636,"Szoknya","fekete","1","XS",8
15636,"Szoknya","piros","1","XS",7
15636,"Szoknya","v.kék","1","XS",8
15636,"Szoknya","szürke","1","XS",9
15639,"Ruha","s.barna","1","XS",5
15639,"Ruha","narancs","1","XS",6
15639,"Ruha","mogyoró","1","XS",2
15639,"Ruha","v.kék","1","XS",8
15640,"Szoknya","sárga/barna","1","XS",2
15640,"Szoknya","kék/s.kék","1","XS",2
15640,"Szoknya","piros/fekete","1","XS",1
15641,"Szoknya","kék/s.kék","1","XS",1
15641,"Szoknya","piros/fekete","1","XS",1
15642,"Szoknya","sárga/barna","1","XS",1
15642,"Szoknya","kék/f.kék","1","XS",2
15642,"Szoknya","s.kék/k.kék","1","XS",4
15643,"Szoknya","kék/s.kék","1","XS",3
15644,"Szoknya","sárga/barna","1","XS",1
15644,"Szoknya","kék/s.kék","1","XS",3
15645,"Szoknya","4 szín","1","XS",1
15685,"N.Pulóver","bordó","1","XS",10
15685,"N.Pulóver","zöld","1","XS",5
15685,"N.Pulóver","s.kék","1","XS",10
15685,"N.Pulóver","fehér","1","XS",8
15685,"N.Pulóver","szürke","1","XS",5
15693,"N.Pulóver","türkiz","1","XS",1
15693,"N.Pulóver","piros","1","XS",1
15693,"N.Pulóver","fehér","1","XS",6
15693,"N.Pulóver","piros","1","XS",5
15693,"N.Pulóver","s.kék","1","XS",7
15693,"N.Pulóver","kék","1","XS",5
15694,"N.Pulóver","s.kék","1","XS",1
15694,"N.Pulóver","zöld","1","XS",5
15694,"N.Pulóver","barna","1","XS",5
15694,"N.Pulóver","fehér","1","XS",8
15694,"N.Pulóver","s.kék","1","XS",4
15695,"N.Pulóver","ecrü","1","XS",1
15695,"N.Pulóver","zöld","1","XS",5
15695,"N.Pulóver","narancs","1","XS",5
15695,"N.Pulóver","türkiz","1","XS",5
15695,"N.Pulóver","bordó","1","XS",10
15695,"N.Pulóver","piros","1","XS",5
15695,"N.Pulóver","v.szürke","1","XS",1
15695,"N.Pulóver","s.kék","1","XS",5
15695,"N.Pulóver","fehér","1","XS",5
15695,"N.Pulóver","szürke","1","XS",3
19028,"Szoknya","kék/fehér","1","XS",3
19030,"Top","piros/fehér","1","XS",2
19030,"Top","kék/fehér","1","XS",4
70565,"Ruha Z.K.","s.kék","1","XS",1
73305,"Ruha Z.K.","kék","1","XS",2
73312,"Kabátka Z.K.","szürke","1","XS",5
73312,"Kabátka Z.K.","kék","1","XS",2
74860,"Pulóver Z.K.","fehér/kék","1","XS",3
11039,"Póló","s.kék","1","S",2
15068,"Pulóver","zöld","1","S",1
15103,"Ruha","zöld","1","S",2
15103,"Ruha","ecrü","1","S",8
15103,"Ruha","bordó","1","S",8
15103,"Ruha","s.kék","1","S",7
15107,"Top","fehér","1","S",1
15109,"F.Pulóver","fehér","1","S",1
15163,"Garbó","s.kék","1","S",2
15163,"Garbó","fekete","1","S",6
15172,"Mellény","fekete","1","S",5
15207,"Kardigán","szürke","1","S",1
15207,"Kardigán","barna","1","S",1
15232,"Top","fehér","1","S",1
15234,"Tunika","sárga","1","S",5
15234,"Tunika","fehér","1","S",5
15237,"Pulóver","fehér","1","S",4
15237,"Pulóver","s.kék","1","S",31
15237,"Pulóver","barna","1","S",4
15237,"Pulóver","antracit","1","S",12
15238,"Pulóver","s.kék","1","S",25
15239,"Pulóver","s.kék","1","S",30
15240,"Mellény","piros","1","S",4
15240,"Mellény","fuxia (ciklámen)","1","S",2
15242,"Kardigán","piros","1","S",2
15242,"Kardigán","fixia","1","S",1
15248,"Ruha","sárga","1","S",1
15249,"Kardigán","sárga","1","S",4
15249,"Kardigán","pink","1","S",3
15249,"Kardigán","s.kék","1","S",2
15250,"Póló","sárga","1","S",3
15250,"Póló","pink","1","S",3
15251,"Póló","sárga","1","S",4
15251,"Póló","pink","1","S",1
15272,"Póló","mustár","1","S",11
15272,"Póló","lila","1","S",7
15275,"Ruha","pink","1","S",1
15275,"Ruha","szürke","1","S",2
15275,"Ruha","rózsaszín","1","S",2
15277,"Póló","szürke","1","S",4
15278,"Top","szürke","1","S",9
15278,"Top","pink","1","S",2
15280,"Top","zöld","1","S",3
15280,"Top","lila","1","S",5
15280,"Top","fuxia","1","S",2
15281,"Póló","barna","1","S",5
15283,"Szoknya","zöld","1","S",4
15283,"Szoknya","türkiz","1","S",6
15283,"Szoknya","fehér","1","S",2
15283,"Szoknya","barna","1","S",1
15283,"Szoknya","barna","1","S",6
15285,"Top","kék","1","S",12
15285,"Top","zöld","1","S",1
15285,"Top","lazac","1","S",15
15285,"Top","barna","1","S",12
15285,"Top","beige","1","S",5
15286,"Pulóver","v.szürke","1","S",5
15287,"Pulóver","karamell","1","S",1
15287,"Pulóver","v.szürke","1","S",5
15288,"Pulóver","szürke/narancs","1","S",4
15288,"Pulóver","szürke/rózsaszín","1","S",3
15291,"Ruha","zöld","1","S",6
15292,"Kardigán","sárga","1","S",1
15292,"Kardigán","zöld","1","S",5
15298,"Kardigán","barna","1","S",1
15305,"Kardigán","sárga","1","S",2
15473,"Pulóver","bordó","1","S",5
15473,"Pulóver","k.szürke","1","S",2
15473,"Pulóver","v.szürke","1","S",6
15473,"Pulóver","s.kék (antracit)","1","S",2
15485,"Top","fehér/türkiz","1","S",1
15487,"Ruha","fehér/türkiz","1","S",3
15502,"Pulóver","pink","1","S",2
15502,"Pulóver","zöld","1","S",3
15506,"Ruha","sárga","1","S",1
15506,"Ruha","fehér","1","S",2
15507,"Top","fehér","1","S",2
15508,"Szoknya","sárga","1","S",1
15508,"Szoknya","fehér","1","S",4
15515,"Ruha","mustár","1","S",4
15550,"Pulóver","barna/narancs","1","S",1
15550,"Pulóver","szürke/kék","1","S",1
15550,"Pulóver","barna/zöld","1","S",1
15551,"Pulóver","szürke/kék","1","S",1
15551,"Pulóver","barna/zöld","1","S",1
15551,"Pulóver","barna/narancs","1","S",1
15563,"Pulóver","s.barna","1","S",2
15563,"Pulóver","k.szürke","1","S",1
15563,"N.Pulóver","bordó","1","S",5
15563,"N.Pulóver","v.barna","1","S",4
15563,"N.Pulóver","v.szürke","1","S",10
15563,"N.Pulóver","s.kék","1","S",3
15563,"N.Pulóver","v.kék","1","S",8
15563,"N.Pulóver","k.kék","1","S",8
15563,"N.Pulóver","antra","1","S",5
15564,"Pulóver","s.kék","1","S",5
15564,"Pulóver","v.szürke","1","S",2
15566,"Pulóver","szürke","1","S",3
15568,"Garbó","v.kék (farmer)","1","S",7
15568,"Garbó","k.kék (antra)","1","S",11
15568,"Garbó","fekete","1","S",8
15568,"Garbó","s.kék","1","S",8
15568,"Garbó","barna","1","S",7
15568,"Garbó","s.szürke","1","S",2
15569,"Garbó","piros","1","S",1
15569,"Garbó","sárga","1","S",2
15569,"Garbó","piros","1","S",1
15569,"Garbó","k.kék","1","S",5
15569,"Garbó","s.kék","1","S",3
15569,"Garbó","fekete","1","S",5
15569,"Garbó","f.kék","1","S",4
15569,"Garbó","narancs","1","S",1
15569,"Garbó","s.lila","1","S",1
15569,"Garbó","v.lila","1","S",1
15596,"Mellény","barna","1","S",1
15596,"Mellény","fekete","1","S",1
15596,"Mellény","bordó","1","S",1
15596,"Mellény","f.kék","1","S",1
15596,"Mellény","s.kék","1","S",1
15596,"Mellény","s.kék","1","S",1
15596,"Mellény","bordó","1","S",10
15596,"Mellény","s.kék","1","S",17
15596,"Mellény","barna","1","S",9
15596,"Mellény","v.kék","1","S",13
15597,"Pulóver","s.kék","1","S",1
15597,"Pulóver","szürke","1","S",4
15599,"Pulóver","s.kék","1","S",8
15633,"Ruha","szürke/piros","1","S",2
15633,"Ruha","szürke/bordó","1","S",5
15633,"Ruha","kék/piros","1","S",13
15634,"Tunika","sárga","1","S",1
15634,"Tunika","piros","1","S",1
15634,"Tunika","s.kék (f)","1","S",9
15634,"Tunika","fekete","1","S",7
15634,"Tunika","f.kék","1","S",7
15636,"Szoknya","sárga","1","S",7
15636,"Szoknya","s.zöld","1","S",4
15636,"Szoknya","s.kék","1","S",7
15636,"Szoknya","fekete","1","S",7
15636,"Szoknya","bordó","1","S",8
15636,"Szoknya","piros","1","S",10
15636,"Szoknya","v.kék","1","S",9
15636,"Szoknya","lila","1","S",8
15636,"Szoknya","barna","1","S",5
15636,"Szoknya","szürke","1","S",6
15636,"Szoknya","fekete","1","S",9
15638,"Szoknya","fekete/piros","1","S",1
15638,"Szoknya","fekete/sárga","1","S",1
15638,"Szoknya","f.kék/v.kék","1","S",4
15638,"Szoknya","k.kék/fekete","1","S",4
15638,"Szoknya","s.kék/v.kék","1","S",8
15639,"Ruha","v.kék","1","S",5
15639,"Ruha","k.kék","1","S",1
15639,"Ruha","s.kék","1","S",10
15639,"Ruha","s.barna","1","S",5
15639,"Ruha","narancs","1","S",12
15639,"Ruha","k.szürke","1","S",5
15639,"Ruha","mogyoró","1","S",2
15639,"Ruha","k.kék","1","S",1
15640,"Szoknya","sárga/barna","1","S",1
15640,"Szoknya","kék/s.kék","1","S",2
15641,"Szoknya","sárga/barna","1","S",2
15641,"Szoknya","kék/s.kék","1","S",2
15642,"Szoknya","kék/f.kék","1","S",1
15642,"Szoknya","piros/fekete","1","S",1
15642,"Szoknya","s.kék/k.kék","1","S",2
15643,"Szoknya","sárga/barna","1","S",1
15643,"Szoknya","kék/s.kék","1","S",3
15644,"Szoknya","sárga/barna","1","S",1
15644,"Szoknya","kék/s.kék","1","S",2
15644,"Szoknya","piros/fekete","1","S",1
15644,"Szoknya","s.szürke/v.szürke","1","S",4
15644,"Szoknya","kék/bordó","1","S",4
15644,"Szoknya","barna/narancs","1","S",4
15655,"Pulóver","k.kék (farmer)","1","S",2
15655,"Pulóver","s.zöld","1","S",1
15655,"F.Pulóver","v.kék","1","S",10
15655,"F.Pulóver","zöld","1","S",3
15655,"F.Pulóver","barna","1","S",6
15655,"F.Pulóver","v.kék","1","S",2
15655,"F.Pulóver","k.kék","1","S",19
15657,"Póló","s.kék","1","S",3
15657,"Póló","beige","1","S",2
15657,"Póló","kék/szürke-piros-fehér","1","S",4
15675,"N.Póló","zöld","1","S",12
15675,"Top","rózsa","1","S",5
15675,"Top","sárga","1","S",3
15675,"Póló","rózsa","1","S",5
15677,"Ruha","narancs","1","S",8
15677,"Ruha","zöld","1","S",5
15677,"N.Ruha","zöld","1","S",1
15678,"Top","v.kék","1","S",1
15678,"Top","narancs","1","S",1
15678,"Top","s.barna csíkos","1","S",2
15678,"Top","v.barna síkos","1","S",2
15678,"Top","piros","1","S",2
15678,"Top","fehér","1","S",2
15680,"Pulóver SF","s.szürke","1","S",5
15680,"Pulóver SF","s.kék (antra)","1","S",2
15680,"F.Pulóver","v.kék","1","S",2
15680,"F.Pulóver","s.kék","1","S",1
15681,"F.Pulóver","v.kék","1","S",1
15681,"F.Pulóver","szürke","1","S",2
15681,"F.Pulóver","kék","1","S",1
15681,"F.Pulóver","szürke","1","S",4
15683,"Ruha","kék/bordó","1","S",2
15683,"Ruha","szürke/kék","1","S",2
15683,"Ruha","barna/narancs","1","S",2
15683,"Ruha","kék/bordó","1","S",6
15683,"Ruha","szürke/kék","1","S",5
15683,"Ruha","barna/narancs","1","S",6
15685,"N.Pulóver","bordó","1","S",10
15685,"N.Pulóver","zöld","1","S",5
15685,"N.Pulóver","s.kék","1","S",10
15685,"N.Pulóver","fehér","1","S",8
15685,"N.Pulóver","szürke","1","S",5
15693,"N.Pulóver","türkiz","1","S",1
15693,"N.Pulóver","piros","1","S",1
15693,"N.Pulóver","s.kék","1","S",10
15693,"N.Pulóver","piros","1","S",6
15693,"N.Pulóver","szürke","1","S",7
15693,"N.Pulóver","s.kék","1","S",6
15694,"N.Pulóver","zöld","1","S",5
15694,"N.Pulóver","s.kék","1","S",4
15694,"N.Pulóver","barna","1","S",5
15695,"N.Pulóver","ecrü","1","S",1
15695,"N.Pulóver","zöld","1","S",5
15695,"N.Pulóver","narancs","1","S",5
15695,"N.Pulóver","türkiz","1","S",5
15695,"N.Pulóver","bordó","1","S",9
15695,"N.Pulóver","piros","1","S",5
15695,"N.Pulóver","fehér/szürke/fekete/lila","1","S",1
15695,"N.Pulóver","ecrü","1","S",3
15695,"N.Pulóver","s.kék","1","S",9
15695,"N.Pulóver","szürke","1","S",3
15696,"F.Pulóver","s.barna/narancs","1","S",4
15696,"F.Pulóver","v.kék/s.szürke","1","S",4
15696,"F.Pulóver","v.kék/türkiz","1","S",4
15697,"Pulóver","barna/narancs","1","S",1
15697,"F.Pulóver","kék/szürke","1","S",4
15697,"F.Pulóver","barna/narancs","1","S",3
15697,"F.Pulóver","kék","1","S",5
15718,"F.Pulóver","v.kék","1","S",5
15720,"Szoknya T.D.","barna","1","S",3
15720,"Szoknya T.D.","kék","1","S",3
15720,"Szoknya T.D.","s.barna","1","S",2
15720,"Szoknya T.D.","s.barna","1","S",2
15720,"Szoknya T.D.","s.kék","1","S",2
15721,"Garbó T.D.","s.barna/v.barna","1","S",5
15721,"Garbó T.D.","s.kék/v.szürke","1","S",4
15721,"Garbó T.D.","s.kék/v.szürke","1","S",1
15723,"Ruha T.D.","k.kék","1","S",3
15723,"Ruha T.D.","barna","1","S",3
15723,"Ruha T.D.","k.kék","1","S",2
15723,"Ruha T.D.","v.barna","1","S",2
19028,"Szoknya","piros/fehér","1","S",1
19028,"Szoknya","kék/fehér","1","S",5
19030,"Top","piros/fehér","1","S",3
19030,"Top","kék/fehér","1","S",3
19031,"Szoknya","piros","1","S",2
47056,"Póló","barna","1","S",4
70511,"Kabát Z.K.","s.kék","1","S",1
73312,"Kabátka Z.K.","szürke","1","S",5
74248,"Pulóver","fehér","1","S",3
74555,"Szoknya","fehér","1","S",3
74712,"Kabátka Z.K.","fehér","1","S",1
74757,"Pulóver Z.K.","fehér","1","S",9
74860,"Pulóver Z.K.","fehér/kék","1","S",2
76792,"Pulóver Z.K.","fehér/szürke/fekete/lila","1","S",5
14649,"N.Pulóver","barna","1","M",1
14990,"Pulóver","bordó","1","M",3
14990,"Pulóver","fekete","1","M",1
15000,"Pulóver","farmer betétes","1","M",1
15068,"F.Pulóver","v.szürke","1","M",1
15098,"Pulóver","rombusz","1","M",3
15103,"Ruha","s.kék","1","M",6
15103,"Ruha","ecrü","1","M",7
15103,"Ruha","bordó","1","M",7
15107,"Top","fehér","1","M",4
15109,"F.Pulóver","fehér","1","M",1
15126,"Ruha","fehér","1","M",7
15134,"Pulóver","barna mintás","1","M",1
15172,"Mellény","fekete","1","M",4
15189,"Pulóver","s.szürke/v.kék","1","M",2
15189,"Pulóver","v.barna/v.kék","1","M",1
15189,"Pulóver","barna,beige","1","M",2
15190,"Pulóver","fekete/fehér","1","M",1
15191,"Pulóver","fekete","1","M",3
15207,"Kardigán","szürke","1","M",7
15207,"Kardigán","barna","1","M",6
15232,"Top","sárga","1","M",1
15232,"Top","fehér","1","M",2
15234,"Tunika","sárga","1","M",3
15234,"Tunika","fehér","1","M",6
15234,"Tunika","lazac","1","M",1
15237,"Pulóver","s.kék","1","M",29
15237,"Pulóver","barna","1","M",8
15237,"Pulóver","antracit","1","M",8
15238,"Pulóver","s.kék","1","M",27
15239,"Pulóver","s.kék","1","M",26
15239,"Pulóver","fekete","1","M",9
15240,"Mellény","piros","1","M",3
15240,"Mellény","fuxia (ciklámen)","1","M",5
15242,"Kardigán","piros","1","M",3
15242,"Kardigán","fixia","1","M",1
15243,"Pulóver","piros","1","M",5
15243,"Pulóver","k.kék","1","M",7
15243,"Pulóver","s.kék","1","M",5
15244,"Pulóver","piros","1","M",8
15244,"Pulóver","k.kék","1","M",8
15245,"Pulóver","k.kék","1","M",11
15247,"Pulóver","s.kék","1","M",2
15248,"Ruha","pink","1","M",2
15248,"Ruha","sárga","1","M",6
15249,"Kardigán","sárga","1","M",5
15249,"Kardigán","pink","1","M",4
15250,"Póló","sárga","1","M",3
15250,"Póló","pink","1","M",1
15251,"Póló","pink","1","M",1
15252,"Ruha","fekete","1","M",1
15253,"Kardigán","fekete","1","M",2
15265,"Top","rózsa/narancs","1","M",1
15272,"Póló","mustár","1","M",10
15272,"Póló","lila","1","M",14
15275,"Ruha","pink","1","M",1
15275,"Ruha","szürke","1","M",3
15277,"Póló","szürke","1","M",5
15278,"Top","szürke","1","M",11
15278,"Top","pink","1","M",4
15280,"Top","zöld","1","M",2
15280,"Top","lila","1","M",5
15280,"Top","fuxia","1","M",5
15280,"Top","ecrü","1","M",1
15281,"Póló","zöld","1","M",2
15281,"Póló","barna","1","M",2
15282,"Kardigán","barna","1","M",1
15283,"Szoknya","zöld","1","M",3
15283,"Szoknya","lazac","1","M",1
15283,"Szoknya","türkiz","1","M",3
15283,"Szoknya","barna","1","M",1
15283,"Szoknya","barna","1","M",2
15285,"Top","kék","1","M",15
15285,"Top","zöld","1","M",1
15285,"Top","lazac","1","M",15
15285,"Top","barna","1","M",13
15285,"Top","beige","1","M",4
15286,"Pulóver","v.szürke","1","M",4
15287,"Pulóver","karamell","1","M",7
15287,"Pulóver","v.szürke","1","M",5
15288,"Pulóver","szürke/narancs","1","M",3
15288,"Pulóver","szürke/rózsaszín","1","M",3
15291,"Ruha","sárga","1","M",4
15291,"Ruha","kék","1","M",1
15291,"Ruha","zöld","1","M",2
15292,"Kardigán","sárga","1","M",1
15292,"Kardigán","kék","1","M",1
15292,"Kardigán","zöld","1","M",1
15295,"Top","fehér","1","M",1
15298,"Kardigán","barna","1","M",1
15303,"Ingmellény","piros","1","M",4
15304,"Póló","kék","1","M",2
15305,"Kardigán","fehér","1","M",1
15305,"Kardigán","lila","1","M",1
15473,"Pulóver","ecrü","1","M",2
15473,"Pulóver","k.szürke","1","M",2
15473,"Pulóver","v.szürke","1","M",12
15473,"Pulóver","s.szürke","1","M",4
15485,"Top","fehér/türkiz","1","M",1
15487,"Ruha","fehér/türkiz","1","M",1
15502,"Pulóver","pink","1","M",2
15502,"Pulóver","zöld","1","M",3
15506,"Ruha","fehér","1","M",3
15507,"Top","fehér","1","M",2
15508,"Szoknya","sárga","1","M",1
15508,"Szoknya","fehér","1","M",4
15510,"Szoknya","piros","1","M",1
15515,"Ruha","mustár","1","M",3
15515,"Ruha","sárga/barna/beige","1","M",1
15550,"Pulóver","barna/narancs","1","M",5
15550,"Pulóver","szürke/kék","1","M",1
15550,"Pulóver","k.kék/v.kék","1","M",1
15550,"Pulóver","barna/zöld","1","M",1
15550,"F.Pulóver","kék","1","M",7
15551,"Pulóver","szürke/kék","1","M",2
15551,"Pulóver","barna/zöld","1","M",1
15551,"Pulóver","barna/narancs","1","M",2
15551,"F.Pulóver","kék","1","M",9
15552,"Pulóver","bordó","1","M",7
15563,"Pulóver","k.kék","1","M",1
15563,"Pulóver","s.barna","1","M",9
15563,"Pulóver","bordó","1","M",1
15563,"N.Pulóver","piros","1","M",9
15563,"N.Pulóver","bordó","1","M",3
15563,"N.Pulóver","zöld","1","M",9
15563,"N.Pulóver","v.barna","1","M",3
15563,"N.Pulóver","v.szürke","1","M",8
15563,"N.Pulóver","s.kék","1","M",8
15563,"N.Pulóver","v.kék","1","M",10
15563,"N.Pulóver","k.kék","1","M",8
15564,"Pulóver","s.kék","1","M",5
15564,"Pulóver","v.szürke","1","M",2
15566,"Pulóver","szürke","1","M",9
15567,"Mellény","s.kék","1","M",4
15568,"Garbó","v.kék (farmer)","1","M",7
15568,"Garbó","k.kék (antra)","1","M",8
15568,"Garbó","fekete","1","M",9
15568,"Garbó","s.kék","1","M",15
15568,"Garbó","zöld","1","M",5
15568,"Garbó","barna","1","M",5
15568,"Garbó","s.szürke","1","M",9
15569,"Garbó","piros","1","M",2
15569,"Garbó","k.kék","1","M",7
15569,"Garbó","s.kék","1","M",3
15569,"Garbó","fekete","1","M",3
15569,"Garbó","f.kék","1","M",4
15569,"Garbó","s.lila","1","M",1
15596,"Mellény","szürke","1","M",8
15596,"Mellény","fekete","1","M",11
15596,"Mellény","bordó","1","M",2
15596,"Mellény","f.kék","1","M",2
15596,"Mellény","s.kék","1","M",2
15596,"Mellény","bordó","1","M",2
15596,"Mellény","bordó","1","M",8
15596,"Mellény","s.kék","1","M",2
15596,"Mellény","s.kék","1","M",6
15596,"Mellény","barna","1","M",4
15596,"Mellény","v.kék","1","M",7
15596,"Mellény","bordó","1","M",8
15596,"Mellény","k.kék","1","M",5
15597,"Pulóver","s.kék","1","M",22
15597,"Pulóver","szürke","1","M",18
15599,"Pulóver","s.kék","1","M",22
15633,"Ruha","kék/piros","1","M",2
15633,"Ruha","szürke/piros","1","M",3
15633,"Ruha","fekete/piros","1","M",1
15633,"Ruha","szürke/bordó","1","M",10
15633,"Ruha","kék/piros","1","M",10
15633,"Ruha","szürke/bordó","1","M",18
15633,"Ruha","szürke/bordó","1","M",7
15633,"Ruha","kék/piros","1","M",5
15633,"Ruha","barna/narancs","1","M",1
15634,"Tunika","sárga","1","M",1
15634,"Tunika","piros","1","M",1
15634,"Tunika","s.kék (f)","1","M",3
15634,"Tunika","fekete","1","M",6
15634,"Tunika","f.kék","1","M",5
15635,"Pulóver","k.kék","1","M",3
15636,"Szoknya","sárga","1","M",5
15636,"Szoknya","s.zöld","1","M",3
15636,"Szoknya","s.kék","1","M",10
15636,"Szoknya","fekete","1","M",20
15636,"Szoknya","bordó","1","M",8
15636,"Szoknya","piros","1","M",9
15636,"Szoknya","v.kék","1","M",9
15636,"Szoknya","lila","1","M",7
15636,"Szoknya","barna","1","M",6
15636,"Szoknya","szürke","1","M",9
15636,"Szoknya","fekete","1","M",9
15638,"Szoknya","fekete/sárga","1","M",4
15638,"Szoknya","f.kék/v.kék","1","M",4
15638,"Szoknya","k.kék/fekete","1","M",4
15638,"Szoknya","s.kék/v.kék","1","M",8
15639,"Ruha","v.kék","1","M",3
15639,"Ruha","k.kék","1","M",4
15639,"Ruha","s.kék","1","M",6
15639,"Ruha","bordó","1","M",2
15639,"Ruha","s.barna","1","M",4
15639,"Ruha","narancs","1","M",14
15639,"Ruha","k.szürke","1","M",3
15639,"Ruha","antracit","1","M",2
15639,"Ruha","mogyoró","1","M",1
15639,"Ruha","k.kék","1","M",3
15640,"Szoknya","kék/s.kék","1","M",1
15641,"Szoknya","sárga/barna","1","M",1
15641,"Szoknya","kék/s.kék","1","M",2
15642,"Szoknya","sárga/barna","1","M",2
15642,"Szoknya","kék/f.kék","1","M",1
15642,"Szoknya","s.kék/k.kék","1","M",2
15643,"Szoknya","sárga/barna","1","M",2
15643,"Szoknya","kék/s.kék","1","M",3
15643,"Szoknya","piros/fekete","1","M",1
15643,"Szoknya","fekete/fehér","1","M",1
15644,"Szoknya","kék/s.kék","1","M",2
15644,"Szoknya","piros/fekete","1","M",1
15644,"Szoknya","fekete/fehér","1","M",1
15644,"Szoknya","s.szürke/v.szürke","1","M",3
15644,"Szoknya","kék/bordó","1","M",4
15644,"Szoknya","barna/narancs","1","M",4
15655,"Pulóver","k.kék (farmer)","1","M",2
15655,"Pulóver","s.zöld","1","M",1
15655,"F.Pulóver","v.kék","1","M",20
15655,"F.Pulóver","zöld","1","M",1
15655,"F.Pulóver","barna","1","M",16
15655,"F.Pulóver","v.kék","1","M",6
15655,"F.Pulóver","k.kék","1","M",16
15657,"Póló","s.kék","1","M",11
15657,"Póló","beige","1","M",2
15657,"Póló","szürke/zöld","1","M",3
15657,"Póló","szürke","1","M",2
15657,"Póló","fehér","1","M",8
15657,"Póló","s.kék","1","M",4
15657,"Póló","kék/piros-fehér","1","M",4
15657,"Póló","szürke csíkos","1","M",3
15657,"Póló","kék/szürke","1","M",3
15659,"Póló","s.kék/k.kék-fehér","1","M",5
15672,"F.Pulóver","s.kék","1","M",10
15672,"F.Pulóver","piros","1","M",4
15672,"F.Pulóver","f.kék","1","M",4
15672,"F.Pulóver","s.barna","1","M",5
15672,"F.Pulóver","v.barna","1","M",5
15672,"F.Pulóver","narancs","1","M",5
15673,"F.Pulóver","s.kék","1","M",3
15673,"F.Pulóver","s.barna","1","M",5
15675,"N.Póló","mustár","1","M",3
15675,"N.Póló","lazac","1","M",3
15675,"Top","rózsa","1","M",5
15675,"Top","sárga","1","M",3
15675,"Póló","zöld","1","M",7
15677,"Ruha","narancs","1","M",7
15677,"Ruha","zöld","1","M",8
15678,"Póló","kockás","1","M",1
15678,"Póló","fehér","1","M",3
15678,"Top","v.kék","1","M",2
15678,"Top","narancs","1","M",1
15678,"Top","zöld","1","M",1
15678,"Top","s.barna csíkos","1","M",2
15678,"Top","v.barna síkos","1","M",1
15680,"Pulóver SF","v.kék","1","M",1
15680,"Pulóver SF","s.szürke","1","M",2
15680,"Pulóver SF","s.kék (antra)","1","M",2
15680,"F.Pulóver","s.kék","1","M",11
15680,"F.Pulóver","szürke","1","M",3
15681,"F.Pulóver","szürke","1","M",2
15681,"F.Pulóver","s.kék","1","M",7
15681,"F.Pulóver","kék","1","M",1
15681,"F.Pulóver","szürke","1","M",5
15683,"Ruha","kék/bordó","1","M",2
15683,"Ruha","szürke/kék","1","M",2
15683,"Ruha","barna/narancs","1","M",2
15683,"Ruha","kék/bordó","1","M",13
15683,"Ruha","szürke/kék","1","M",5
15683,"Ruha","barna/narancs","1","M",6
15683,"Ruha","barna/narancs","1","M",10
15685,"N.Pulóver","bordó","1","M",7
15685,"N.Pulóver","zöld","1","M",5
15685,"N.Pulóver","s.kék","1","M",10
15685,"N.Pulóver","fehér","1","M",7
15685,"N.Pulóver","szürke","1","M",5
15693,"N.Pulóver","türkiz","1","M",1
15693,"N.Pulóver","piros","1","M",1
15693,"N.Pulóver","szürke","1","M",1
15693,"N.Pulóver","piros","1","M",2
15693,"N.Pulóver","szürke","1","M",6
15693,"N.Pulóver","s.kék","1","M",18
15693,"Pulóver","v.kék","1","M",1
15693,"N.Pulóver","piros","1","M",3
15694,"N.Pulóver","s.kék","1","M",1
15694,"N.Pulóver","zöld","1","M",10
15694,"N.Pulóver","barna","1","M",5
15694,"N.Pulóver","s.kék","1","M",4
15695,"N.Pulóver","ecrü","1","M",1
15695,"N.Pulóver","zöld","1","M",5
15695,"N.Pulóver","narancs","1","M",5
15695,"N.Pulóver","türkiz","1","M",5
15695,"N.Pulóver","bordó","1","M",9
15695,"N.Pulóver","piros","1","M",5
15695,"N.Pulóver","szürke","1","M",4
15695,"N.Pulóver","s.kék","1","M",10
15695,"N.Pulóver","fehér","1","M",4
15696,"F.Pulóver","s.barna/narancs","1","M",4
15696,"F.Pulóver","v.kék/s.szürke","1","M",4
15696,"F.Pulóver","v.kék/türkiz","1","M",4
15697,"Pulóver","barna/narancs","1","M",1
15697,"F.Pulóver","kék/szürke","1","M",14
15697,"F.Pulóver","barna/narancs","1","M",3
15697,"F.Pulóver","v.kék/szürke","1","M",5
15718,"F.Pulóver","v.kék","1","M",5
15720,"Szoknya T.D.","barna","1","M",3
15720,"Szoknya T.D.","kék","1","M",2
15720,"Szoknya T.D.","s.barna","1","M",2
15720,"Szoknya T.D.","s.barna","1","M",2
15720,"Szoknya T.D.","s.kék","1","M",2
15721,"Garbó T.D.","s.barna/v.barna","1","M",5
15721,"Garbó T.D.","s.kék/v.szürke","1","M",4
15721,"Garbó T.D.","s.kék/v.szürke","1","M",1
15723,"Ruha T.D.","k.kék","1","M",3
15723,"Ruha T.D.","barna","1","M",3
15723,"Ruha T.D.","k.kék","1","M",2
15723,"Ruha T.D.","v.barna","1","M",2
15763,"F.Pulóver","v.kék","1","M",4
15764,"F.Pulóver","kék/piros","1","M",5
15797,"F.Pulóver","barna/bordó","1","M",24
15797,"F.Pulóver","barna/bordó","1","M",16
15989,"Pulóver","bordó","1","M",2
19018,"Pulóver","fekete/szürke","1","M",1
19028,"Szoknya","kék/fehér","1","M",1
19030,"Top","piros/fehér","1","M",4
19031,"Szoknya","piros","1","M",1
47082,"Top","piros","1","M",3
73305,"Ruha Z.K.","szürke","1","M",1
73312,"Kabátka Z.K.","szürke","1","M",4
74555,"Szoknya","fehér","1","M",1
74712,"Kabátka Z.K.","fehér","1","M",2
74860,"Pulóver Z.K.","s.kék","1","M",1
76792,"Pulóver Z.K.","fehér/szürke/fekete/lila","1","M",5
15000,"Pulóver","farmer betétes","1","L",1
15103,"Ruha","zöld","1","L",2
15103,"Ruha","kék","1","L",4
15103,"Ruha","s.kék","1","L",7
15103,"Ruha","ecrü","1","L",8
15103,"Ruha","bordó","1","L",6
15103,"Ruha","bordó","1","L",1
15107,"Top","fehér","1","L",1
15109,"F.Pulóver","fehér","1","L",1
15123,"Bolero","piros","1","L",1
15126,"Ruha","fehér","1","L",2
15134,"Pulóver","barna mintás","1","L",1
15163,"Garbó","fekete","1","L",5
15172,"Mellény","fekete","1","L",2
15189,"Pulóver","s.szürke/v.kék","1","L",2
15189,"Pulóver","v.barna/v.kék","1","L",2
15189,"Pulóver","barna,beige","1","L",2
15190,"Pulóver","fekete/fehér","1","L",1
15191,"Pulóver","fekete","1","L",13
15207,"Kardigán","szürke","1","L",2
15207,"Kardigán","barna","1","L",1
15220,"Kardigán","szürke","1","L",1
15232,"Top","sárga","1","L",2
15232,"Top","fehér","1","L",1
15234,"Tunika","sárga","1","L",5
15234,"Tunika","fehér","1","L",6
15234,"Tunika","lazac","1","L",1
15237,"Pulóver","fehér","1","L",6
15237,"Pulóver","s.kék","1","L",21
15237,"Pulóver","barna","1","L",3
15237,"Pulóver","antracit","1","L",4
15238,"Pulóver","s.kék","1","L",18
15239,"Pulóver","s.kék","1","L",22
15240,"Mellény","s.kék","1","L",1
15240,"Mellény","piros","1","L",2
15240,"Mellény","fuxia (ciklámen)","1","L",1
15242,"Kardigán","piros","1","L",1
15242,"Kardigán","fixia","1","L",2
15243,"Pulóver","k.kék","1","L",7
15243,"Pulóver","s.kék","1","L",8
15244,"Pulóver","piros","1","L",9
15244,"Pulóver","k.kék","1","L",2
15244,"Pulóver","s.kék","1","L",5
15245,"Pulóver","piros","1","L",12
15245,"Pulóver","k.kék","1","L",11
15245,"Pulóver","s.kék","1","L",7
15247,"Pulóver","s.kék","1","L",3
15248,"Ruha","pink","1","L",1
15248,"Ruha","sárga","1","L",6
15249,"Kardigán","sárga","1","L",5
15249,"Kardigán","pink","1","L",4
15249,"Kardigán","s.kék","1","L",3
15250,"Póló","sárga","1","L",2
15250,"Póló","pink","1","L",1
15251,"Póló","sárga","1","L",3
15251,"Póló","pink","1","L",2
15252,"Ruha","fekete","1","L",1
15265,"Top","rózsa/narancs","1","L",1
15272,"Póló","mustár","1","L",4
15272,"Póló","lila","1","L",9
15275,"Ruha","szürke","1","L",9
15275,"Ruha","rózsaszín","1","L",3
15278,"Top","szürke","1","L",11
15278,"Top","pink","1","L",3
15280,"Top","lila","1","L",5
15280,"Top","fuxia","1","L",3
15280,"Top","ecrü","1","L",3
15281,"Póló","barna","1","L",2
15282,"Kardigán","barna","1","L",1
15283,"Szoknya","zöld","1","L",6
15283,"Szoknya","lazac","1","L",1
15283,"Szoknya","türkiz","1","L",1
15285,"Top","kék","1","L",9
15285,"Top","lazac","1","L",7
15285,"Top","barna","1","L",7
15285,"Top","beige","1","L",3
15286,"Pulóver","v.szürke","1","L",4
15287,"Pulóver","karamell","1","L",7
15287,"Pulóver","v.szürke","1","L",3
15288,"Pulóver","szürke/narancs","1","L",2
15288,"Pulóver","szürke/rózsaszín","1","L",4
15291,"Ruha","sárga","1","L",6
15291,"Ruha","kék","1","L",4
15291,"Ruha","zöld","1","L",6
15292,"Kardigán","kék","1","L",1
15292,"Kardigán","zöld","1","L",3
15297,"Ruha","barna","1","L",2
15303,"Ingmellény","piros","1","L",2
15304,"Póló","fehér","1","L",3
15305,"Kardigán","fehér","1","L",1
15473,"Pulóver","bordó","1","L",21
15473,"Pulóver","ecrü","1","L",85
15473,"Pulóver","k.szürke","1","L",2
15473,"Pulóver","v.szürke","1","L",70
15473,"Pulóver","s.kék (antracit)","1","L",2
15473,"Pulóver","s.szürke","1","L",21
15474,"Pulóver","ecrü","1","L",30
15474,"Pulóver","piros","1","L",20
15474,"Pulóver","s.szürke","1","L",28
15474,"Pulóver","fekete","1","L",51
15502,"Pulóver","pink","1","L",1
15507,"Top","sárga","1","L",2
15507,"Top","fehér","1","L",2
15508,"Szoknya","fehér","1","L",1
15515,"Ruha","mustár","1","L",1
15550,"Pulóver","barna/narancs","1","L",1
15550,"Pulóver","szürke/kék","1","L",1
15550,"Pulóver","k.kék/v.kék","1","L",1
15550,"Pulóver","barna/zöld","1","L",1
15550,"F.Pulóver","kék","1","L",14
15550,"F.Pulóver","kék","1","L",3
15551,"Pulóver","szürke/kék","1","L",2
15551,"Pulóver","barna/zöld","1","L",4
15551,"Pulóver","barna/narancs","1","L",1
15551,"F.Pulóver","kék","1","L",18
15552,"Pulóver","bordó","1","L",7
15563,"Pulóver","k.kék","1","L",3
15563,"Pulóver","s.barna","1","L",8
15563,"Pulóver","antracit","1","L",6
15563,"Pulóver","k.szürke","1","L",2
15563,"N.Pulóver","piros","1","L",1
15563,"N.Pulóver","bordó","1","L",5
15563,"N.Pulóver","zöld","1","L",12
15563,"N.Pulóver","v.barna","1","L",6
15563,"N.Pulóver","narancs","1","L",4
15563,"N.Pulóver","v.szürke","1","L",8
15563,"N.Pulóver","s.kék","1","L",10
15563,"N.Pulóver","v.kék","1","L",10
15563,"N.Pulóver","k.kék","1","L",8
15564,"Pulóver","s.kék","1","L",4
15566,"Pulóver","szürke","1","L",3
15567,"Mellény","s.kék","1","L",5
15567,"Mellény","szürke","1","L",4
15567,"Mellény","s.kék","1","L",1
15568,"Garbó","v.kék (farmer)","1","L",3
15568,"Garbó","k.kék (antra)","1","L",2
15568,"Garbó","fekete","1","L",13
15568,"Garbó","s.kék","1","L",15
15568,"Garbó","zöld","1","L",1
15568,"Garbó","barna","1","L",2
15568,"Garbó","s.szürke","1","L",5
15569,"Garbó","sárga","1","L",4
15569,"Garbó","piros","1","L",1
15569,"Garbó","k.kék","1","L",3
15569,"Garbó","s.kék","1","L",3
15569,"Garbó","f.kék","1","L",4
15569,"Garbó","v.lila","1","L",1
15569,"Garbó","k.kék","1","L",1
15596,"Mellény","szürke","1","L",33
15596,"Mellény","fekete","1","L",35
15596,"Mellény","bordó","1","L",1
15596,"Mellény","bordó","1","L",7
15596,"Mellény","s.kék","1","L",2
15596,"Mellény","barna","1","L",8
15596,"Mellény","s.kék","1","L",1
15596,"Mellény","v.kék","1","L",14
15596,"Mellény","bordó","1","L",9
15597,"Pulóver","s.kék","1","L",47
15597,"Pulóver","szürke","1","L",46
15599,"Pulóver","s.kék","1","L",75
15633,"Ruha","kék/piros","1","L",3
15633,"Ruha","szürke/piros","1","L",2
15633,"Ruha","szürke/bordó","1","L",23
15633,"Ruha","szürke/bordó","1","L",17
15633,"Ruha","kék/piros","1","L",7
15633,"Ruha","szürke/piros","1","L",2
15633,"Ruha"," ","1","L",1
15634,"Tunika","sárga","1","L",1
15634,"Tunika","s.kék (f)","1","L",5
15634,"Tunika","fekete","1","L",5
15634,"Tunika","f.kék","1","L",4
15636,"Szoknya","sárga","1","L",5
15636,"Szoknya","s.zöld","1","L",4
15636,"Szoknya","s.kék","1","L",8
15636,"Szoknya","fekete","1","L",10
15636,"Szoknya","bordó","1","L",8
15636,"Szoknya","piros","1","L",6
15636,"Szoknya","v.kék","1","L",9
15636,"Szoknya","lila","1","L",8
15636,"Szoknya","barna","1","L",5
15636,"Szoknya","szürke","1","L",10
15636,"Szoknya","fekete","1","L",9
15638,"Szoknya","fekete/sárga","1","L",13
15638,"Szoknya","f.kék/v.kék","1","L",4
15638,"Szoknya","k.kék/fekete","1","L",4
15638,"Szoknya","f.kék/antra","1","L",1
15638,"Szoknya","s.kék/v.kék","1","L",6
15639,"Ruha","v.kék","1","L",3
15639,"Ruha","k.kék","1","L",4
15639,"Ruha","s.kék","1","L",1
15639,"Ruha","bordó","1","L",5
15639,"Ruha","s.barna","1","L",5
15639,"Ruha","narancs","1","L",11
15639,"Ruha","k.szürke","1","L",5
15639,"Ruha","antracit","1","L",3
15639,"Ruha","mogyoró","1","L",2
15639,"Ruha","k.kék","1","L",2
15640,"Szoknya","sárga/barna","1","L",1
15640,"Szoknya","kék/s.kék","1","L",2
15641,"Szoknya","sárga/barna","1","L",1
15641,"Szoknya","kék/s.kék","1","L",1
15642,"Szoknya","sárga/barna","1","L",1
15642,"Szoknya","kék/f.kék","1","L",1
15643,"Szoknya","kék/s.kék","1","L",2
15643,"Szoknya","piros/fekete","1","L",1
15644,"Szoknya","sárga/barna","1","L",1
15644,"Szoknya","kék/s.kék","1","L",2
15644,"Szoknya","piros/fekete","1","L",1
15644,"Szoknya","s.szürke/v.szürke","1","L",4
15644,"Szoknya","kék/bordó","1","L",4
15644,"Szoknya","barna/narancs","1","L",4
15655,"Pulóver","k.kék (farmer)","1","L",1
15655,"Pulóver","s.zöld","1","L",1
15655,"F.Pulóver","v.kék","1","L",20
15655,"F.Pulóver","zöld","1","L",1
15655,"F.Pulóver","barna","1","L",10
15655,"F.Pulóver","k.kék","1","L",15
15657,"Póló","s.kék","1","L",13
15657,"Póló","beige","1","L",5
15657,"Póló","szürke/zöld","1","L",2
15657,"Póló","szürke","1","L",2
15657,"Póló","fehér","1","L",10
15672,"F.Pulóver","v.kék","1","L",8
15672,"F.Pulóver","s.kék","1","L",9
15672,"F.Pulóver","piros","1","L",9
15672,"F.Pulóver","f.kék","1","L",9
15672,"F.Pulóver","s.barna","1","L",10
15672,"F.Pulóver","v.barna","1","L",10
15672,"F.Pulóver","narancs","1","L",10
15673,"F.Pulóver","s.kék","1","L",13
15673,"F.Pulóver","s.barna","1","L",9
15675,"N.Póló","zöld","1","L",5
15675,"N.Póló","lazac","1","L",3
15675,"Top","rózsa","1","L",5
15675,"Póló","sárga","1","L",4
15677,"Ruha","narancs","1","L",7
15677,"N.Ruha","zöld","1","L",8
15678,"Top","zöld","1","L",1
15678,"Top","piros","1","L",2
15678,"Top","fehér","1","L",2
15680,"Pulóver SF","v.kék","1","L",1
15680,"Pulóver SF","s.szürke","1","L",5
15680,"Pulóver SF","s.kék (antra)","1","L",2
15680,"F.Pulóver","s.kék","1","L",12
15681,"Pulóver SF","s.kék","1","L",2
15681,"F.Pulóver","szürke","1","L",2
15681,"F.Pulóver","s.kék","1","L",26
15681,"F.Pulóver","kék","1","L",1
15681,"F.Pulóver","szürke","1","L",3
15683,"Ruha","kék/bordó","1","L",2
15683,"Ruha","kék/bordó","1","L",16
15683,"Ruha","szürke/kék","1","L",10
15685,"N.Pulóver","bordó","1","L",10
15685,"N.Pulóver","zöld","1","L",5
15685,"N.Pulóver","s.kék","1","L",10
15685,"N.Pulóver","fehér","1","L",8
15685,"N.Pulóver","szürke","1","L",5
15693,"N.Pulóver","türkiz","1","L",1
15693,"N.Pulóver","piros","1","L",1
15693,"N.Pulóver","piros","1","L",1
15693,"N.Pulóver","szürke","1","L",5
15693,"N.Pulóver","s.kék","1","L",17
15693,"N.Pulóver","piros","1","L",2
15694,"N.Pulóver","ecrü","1","L",1
15694,"N.Pulóver","ecrü","1","L",1
15694,"N.Pulóver","barna","1","L",4
15694,"N.Pulóver","szürke","1","L",10
15694,"N.Pulóver","fehér","1","L",4
15694,"N.Pulóver","s.kék","1","L",5
15695,"N.Pulóver","ecrü","1","L",1
15695,"N.Pulóver","zöld","1","L",5
15695,"N.Pulóver","narancs","1","L",4
15695,"N.Pulóver","türkiz","1","L",5
15695,"N.Pulóver","bordó","1","L",10
15695,"N.Pulóver","piros","1","L",5
15695,"N.Pulóver","szürke","1","L",4
15695,"N.Pulóver","s.kék","1","L",10
15695,"N.Pulóver","fehér","1","L",4
15696,"F.Pulóver","s.barna/narancs","1","L",4
15696,"F.Pulóver","v.kék/türkiz","1","L",4
15696,"F.Pulóver","v.kék/s.szürke","1","L",4
15697,"F.Pulóver","kék/szürke","1","L",14
15697,"F.Pulóver","barna/narancs","1","L",3
15697,"F.Pulóver","kék","1","L",5
15718,"F.Pulóver","v.kék","1","L",5
15720,"Szoknya T.D.","barna","1","L",3
15720,"Szoknya T.D.","kék","1","L",3
15720,"Szoknya T.D.","s.barna","1","L",2
15720,"Szoknya T.D.","s.kék","1","L",2
15721,"Garbó T.D.","s.barna/v.barna","1","L",5
15721,"Garbó T.D.","s.kék/v.szürke","1","L",3
15721,"Garbó T.D.","s.kék/v.szürke","1","L",1
15723,"Ruha T.D.","k.kék","1","L",3
15723,"Ruha T.D.","barna","1","L",3
15723,"Ruha T.D.","k.kék","1","L",2
15723,"Ruha T.D.","v.barna","1","L",2
15763,"F.Pulóver","v.kék","1","L",4
15764,"F.Pulóver","kék/piros","1","L",5
15797,"F.Pulóver","barna/bordó","1","L",18
15797,"F.Pulóver","barna/bordó","1","L",21
19030,"Top","piros/fehér","1","L",2
47082,"Top","piros","1","L",4
47082,"Top","kék","1","L",2
74248,"Pulóver","fehér","1","L",2
74712,"Kabátka Z.K.","fehér","1","L",2
74757,"Pulóver Z.K.","fehér","1","L",10
74860,"Pulóver Z.K.","fehér/kék","1","L",1
74860,"Pulóver Z.K.","s.kék","1","L",2
76792,"Pulóver Z.K.","fehér/szürke/fekete/lila","1","L",5
15000,"Pulóver","farmer betétes","1","XL",2
15098,"Pulóver","rombusz","1","XL",2
15103,"Ruha","s.kék","1","XL",14
15103,"Ruha","ecrü","1","XL",8
15107,"Top","fehér","1","XL",1
15108,"Pulóver","fehér","1","XL",1
15109,"F.Pulóver","fehér","1","XL",1
15123,"Bolero","piros","1","XL",2
15123,"Bolero","kék","1","XL",1
15126,"Ruha","fehér","1","XL",2
15134,"Pulóver","barna mintás","1","XL",2
15158,"Szoknya","beige","1","XL",3
15172,"Mellény","fekete","1","XL",6
15184,"Pulóver","bordó/szürke/beige","1","XL",1
15184,"Pulóver","v.kék/fehér/k.kék","1","XL",1
15189,"Pulóver","s.szürke/v.kék","1","XL",2
15189,"Pulóver","v.barna/v.kék","1","XL",2
15189,"Pulóver","beige,v.szürke","1","XL",1
15189,"Pulóver","barna,beige","1","XL",2
15190,"Pulóver","fekete/fehér","1","XL",1
15191,"Pulóver","fekete","1","XL",8
15193,"Pulóver","barna","1","XL",1
15207,"Kardigán","szürke","1","XL",2
15220,"Kardigán","szürke","1","XL",1
15232,"Top","sárga","1","XL",1
15232,"Top","fehér","1","XL",3
15232,"Top","lazac","1","XL",3
15234,"Tunika","sárga","1","XL",4
15234,"Tunika","fehér","1","XL",4
15237,"Pulóver","s.kék","1","XL",24
15237,"Pulóver","barna","1","XL",6
15237,"Pulóver","fekete","1","XL",4
15237,"Pulóver","antracit","1","XL",12
15238,"Pulóver","s.kék","1","XL",14
15239,"Pulóver","s.kék","1","XL",22
15240,"Mellény","s.kék","1","XL",1
15240,"Mellény","piros","1","XL",4
15240,"Mellény","fuxia (ciklámen)","1","XL",5
15242,"Kardigán","piros","1","XL",3
15242,"Kardigán","fixia","1","XL",2
15243,"Pulóver","piros","1","XL",7
15243,"Pulóver","k.kék","1","XL",10
15243,"Pulóver","s.kék","1","XL",9
15244,"Pulóver","piros","1","XL",6
15244,"Pulóver","k.kék","1","XL",1
15245,"Pulóver","piros","1","XL",6
15245,"Pulóver","k.kék","1","XL",9
15248,"Ruha","sárga","1","XL",5
15249,"Kardigán","sárga","1","XL",6
15249,"Kardigán","pink","1","XL",6
15249,"Kardigán","s.kék","1","XL",3
15252,"Ruha","beige","1","XL",4
15252,"Ruha","fekete","1","XL",2
15265,"Top","rózsa/narancs","1","XL",1
15272,"Póló","mustár","1","XL",9
15272,"Póló","lila","1","XL",8
15275,"Ruha","pink","1","XL",1
15275,"Ruha","szürke","1","XL",5
15275,"Ruha","rózsaszín","1","XL",2
15277,"Póló","szürke","1","XL",2
15278,"Top","szürke","1","XL",10
15278,"Top","pink","1","XL",3
15280,"Top","zöld","1","XL",6
15280,"Top","lila","1","XL",2
15280,"Top","fuxia","1","XL",2
15280,"Top","ecrü","1","XL",5
15281,"Póló","zöld","1","XL",2
15283,"Szoknya","zöld","1","XL",2
15283,"Szoknya","barna","1","XL",3
15286,"Pulóver","v.szürke","1","XL",4
15287,"Pulóver","karamell","1","XL",8
15288,"Pulóver","szürke/narancs","1","XL",4
15288,"Pulóver","szürke/rózsaszín","1","XL",3
15291,"Ruha","sárga","1","XL",6
15291,"Ruha","zöld","1","XL",7
15292,"Kardigán","sárga","1","XL",2
15295,"Top","fehér","1","XL",4
15295,"Top","kék","1","XL",1
15297,"Ruha","rózsaszín","1","XL",3
15297,"Ruha","barna","1","XL",5
15303,"Ingmellény","piros","1","XL",4
15303,"Ingmellény","s.kék","1","XL",3
15473,"Pulóver","bordó","1","XL",25
15473,"Pulóver","ecrü","1","XL",103
15473,"Pulóver","k.szürke","1","XL",1
15473,"Pulóver","v.szürke","1","XL",50
15473,"Pulóver","s.kék (antracit)","1","XL",2
15473,"Pulóver","s.szürke","1","XL",28
15474,"Pulóver","ecrü","1","XL",48
15474,"Pulóver","piros","1","XL",24
15474,"Pulóver","s.szürke","1","XL",33
15474,"Pulóver","fekete","1","XL",66
15474,"Pulóver","s.kék","1","XL",1
15485,"Top","fehér/türkiz","1","XL",1
15502,"Pulóver","pink","1","XL",1
15506,"Ruha","sárga","1","XL",2
15507,"Top","sárga","1","XL",2
15508,"Szoknya","sárga","1","XL",2
15508,"Szoknya","fehér","1","XL",1
15515,"Ruha","mustár","1","XL",2
15550,"Pulóver","k.kék/v.kék","1","XL",1
15550,"F.Pulóver","kék","1","XL",15
15550,"F.Pulóver","kék","1","XL",12
15551,"Pulóver","szürke/kék","1","XL",1
15551,"F.Pulóver","kék","1","XL",29
15552,"Pulóver","bordó","1","XL",6
15563,"Pulóver","k.kék","1","XL",2
15563,"Pulóver","s.barna","1","XL",1
15563,"Pulóver","antracit","1","XL",6
15563,"N.Pulóver","bordó","1","XL",8
15563,"N.Pulóver","zöld","1","XL",4
15563,"N.Pulóver","v.barna","1","XL",5
15563,"N.Pulóver","narancs","1","XL",2
15563,"N.Pulóver","v.szürke","1","XL",8
15563,"N.Pulóver","s.kék","1","XL",10
15563,"N.Pulóver","v.kék","1","XL",12
15563,"N.Pulóver","k.kék","1","XL",8
15564,"Pulóver","s.kék","1","XL",9
15564,"Pulóver","v.szürke","1","XL",3
15566,"Pulóver","szürke","1","XL",10
15567,"Mellény","s.kék","1","XL",1
15568,"Garbó","v.kék (farmer)","1","XL",7
15568,"Garbó","fekete","1","XL",12
15568,"Garbó","s.kék","1","XL",18
15568,"Garbó","zöld","1","XL",5
15568,"Garbó","barna","1","XL",4
15568,"Garbó","s.szürke","1","XL",9
15569,"Garbó","sárga","1","XL",2
15569,"Garbó","piros","1","XL",3
15569,"Garbó","k.kék","1","XL",7
15569,"Garbó","s.kék","1","XL",1
15569,"Garbó","fekete","1","XL",3
15569,"Garbó","f.kék","1","XL",4
15569,"Garbó","narancs","1","XL",1
15569,"Garbó","s.lila","1","XL",1
15569,"Garbó","antra","1","XL",8
15569,"Garbó","piros","1","XL",1
15569,"Garbó","fekete","1","XL",1
15596,"Mellény","barna","1","XL",1
15596,"Mellény","szürke","1","XL",32
15596,"Mellény","fekete","1","XL",38
15596,"Mellény","bordó","1","XL",1
15596,"Mellény","f.kék","1","XL",1
15596,"Mellény","s.kék","1","XL",1
15596,"Mellény","bordó","1","XL",10
15596,"Mellény","bordó","1","XL",3
15596,"Mellény","s.kék","1","XL",6
15596,"Mellény","s.kék","1","XL",10
15596,"Mellény","barna","1","XL",18
15596,"Mellény","v.kék","1","XL",1
15596,"Mellény","k.kék","1","XL",12
15597,"Pulóver","s.kék","1","XL",48
15597,"Pulóver","szürke","1","XL",48
15599,"Pulóver","s.kék","1","XL",52
15633,"Ruha","kék/piros","1","XL",2
15633,"Ruha","kék/piros","1","XL",20
15633,"Ruha","szürke/bordó","1","XL",9
15633,"Ruha","szürke/bordó","1","XL",12
15633,"Ruha","barna/narancs","1","XL",1
15634,"Tunika","sárga","1","XL",1
15634,"Tunika","piros","1","XL",1
15634,"Tunika","s.kék (f)","1","XL",5
15634,"Tunika","fekete","1","XL",3
15634,"Tunika","f.kék","1","XL",5
15636,"Szoknya","sárga","1","XL",7
15636,"Szoknya","s.zöld","1","XL",4
15636,"Szoknya","s.kék","1","XL",10
15636,"Szoknya","bordó","1","XL",10
15636,"Szoknya","piros","1","XL",8
15636,"Szoknya","v.kék","1","XL",9
15636,"Szoknya","lila","1","XL",6
15636,"Szoknya","barna","1","XL",6
15636,"Szoknya","szürke","1","XL",6
15638,"Szoknya","fekete/piros","1","XL",5
15638,"Szoknya","f.kék/v.kék","1","XL",9
15638,"Szoknya","k.kék/fekete","1","XL",9
15638,"Szoknya","s.kék/v.kék","1","XL",6
15639,"Ruha","s.kék","1","XL",4
15639,"Ruha","bordó","1","XL",4
15639,"Ruha","s.barna","1","XL",5
15639,"Ruha","narancs","1","XL",10
15639,"Ruha","antracit","1","XL",8
15644,"Szoknya","s.szürke/v.szürke","1","XL",4
15644,"Szoknya","kék/bordó","1","XL",4
15644,"Szoknya","barna/narancs","1","XL",4
15655,"Pulóver","k.kék (farmer)","1","XL",2
15655,"Pulóver","s.zöld","1","XL",1
15655,"F.Pulóver","v.kék","1","XL",20
15655,"F.Pulóver","zöld","1","XL",6
15655,"F.Pulóver","narancs","1","XL",5
15655,"F.Pulóver","barna","1","XL",8
15655,"F.Pulóver","v.kék","1","XL",8
15655,"F.Pulóver","k.kék","1","XL",20
15655,"F.Pulóver","mogyoró","1","XL",2
15657,"Póló","s.kék","1","XL",3
15657,"Póló","beige","1","XL",8
15657,"Póló","fehér","1","XL",9
15657,"Póló","szürke csíkos","1","XL",2
15657,"Póló","zöld/szürke","1","XL",6
15672,"F.Pulóver","s.kék","1","XL",20
15672,"F.Pulóver","piros","1","XL",9
15672,"F.Pulóver","f.kék","1","XL",8
15672,"F.Pulóver","s.barna","1","XL",10
15672,"F.Pulóver","v.barna","1","XL",13
15673,"F.Pulóver","f.kék","1","XL",1
15673,"F.Pulóver","s.kék","1","XL",19
15673,"F.Pulóver","sárga","1","XL",6
15673,"F.Pulóver","kék","1","XL",8
15673,"F.Pulóver","s.barna","1","XL",10
15673,"F.Pulóver","v.barna","1","XL",7
15673,"F.Pulóver","sárga","1","XL",4
15675,"N.Póló","zöld","1","XL",5
15675,"N.Póló","mustár","1","XL",4
15675,"Top","rózsa","1","XL",6
15675,"Top","sárga","1","XL",4
15675,"Póló","rózsa","1","XL",5
15677,"Ruha","narancs","1","XL",10
15677,"N.Ruha","zöld","1","XL",6
15678,"Póló","v.kék","1","XL",1
15678,"Póló","fehér","1","XL",2
15678,"Top","v.kék","1","XL",1
15678,"Top","narancs","1","XL",1
15678,"Top","zöld","1","XL",1
15678,"Top","s.barna csíkos","1","XL",1
15678,"Top","v.barna síkos","1","XL",2
15678,"Top","piros","1","XL",1
15678,"Top","fehér","1","XL",2
15680,"Pulóver SF","v.kék","1","XL",2
15680,"Pulóver SF","s.szürke","1","XL",5
15680,"Pulóver SF","s.kék (antra)","1","XL",7
15680,"F.Pulóver","s.kék","1","XL",10
15681,"F.Pulóver","v.kék","1","XL",2
15681,"F.Pulóver","v.kék","1","XL",1
15681,"F.Pulóver","s.kék","1","XL",12
15681,"F.Pulóver","szürke","1","XL",5
15683,"Ruha","kék/bordó","1","XL",2
15683,"Ruha","szürke/kék","1","XL",2
15683,"Ruha","barna/narancs","1","XL",2
15683,"Ruha","kék/bordó","1","XL",16
15683,"Ruha","szürke/kék","1","XL",6
15683,"Ruha","barna/narancs","1","XL",7
15683,"Ruha","barna/narancs","1","XL",8
15685,"N.Pulóver","bordó","1","XL",12
15685,"N.Pulóver","zöld","1","XL",4
15685,"N.Pulóver","s.kék","1","XL",10
15685,"N.Pulóver","fehér","1","XL",8
15685,"N.Pulóver","szürke","1","XL",5
15693,"N.Pulóver","piros","1","XL",1
15693,"N.Pulóver","s.kék","1","XL",10
15693,"N.Pulóver","piros","1","XL",10
15693,"N.Pulóver","szürke","1","XL",7
15693,"N.Pulóver","s.kék","1","XL",3
15693,"N.Pulóver","kék","1","XL",4
15693,"N.Pulóver","piros","1","XL",2
15694,"N.Pulóver","ecrü","1","XL",1
15694,"N.Pulóver","zöld","1","XL",5
15694,"N.Pulóver","barna","1","XL",5
15694,"N.Pulóver","szürke","1","XL",10
15694,"N.Pulóver","fehér","1","XL",4
15694,"N.Pulóver","s.kék","1","XL",8
15695,"N.Pulóver","zöld","1","XL",5
15695,"N.Pulóver","narancs","1","XL",5
15695,"N.Pulóver","türkiz","1","XL",5
15695,"N.Pulóver","bordó","1","XL",10
15695,"N.Pulóver","piros","1","XL",5
15695,"N.Pulóver","szürke","1","XL",3
15695,"N.Pulóver","s.kék","1","XL",6
15695,"N.Pulóver","fehér","1","XL",4
15696,"F.Pulóver","s.barna/narancs","1","XL",2
15696,"F.Pulóver","v.kék/s.szürke","1","XL",2
15696,"F.Pulóver","v.kék/türkiz","1","XL",4
15696,"F.Pulóver","v.kék/s.szürke","1","XL",2
15697,"F.Pulóver","kék/szürke","1","XL",14
15697,"F.Pulóver","barna/narancs","1","XL",3
15697,"F.Pulóver","kék","1","XL",5
15718,"F.Pulóver","v.kék","1","XL",5
15720,"Szoknya T.D.","barna","1","XL",3
15720,"Szoknya T.D.","kék","1","XL",3
15720,"Szoknya T.D.","s.barna","1","XL",1
15720,"Szoknya T.D.","s.kék","1","XL",2
15721,"Garbó T.D.","s.barna/v.barna","1","XL",4
15721,"Garbó T.D.","s.kék/v.szürke","1","XL",3
15721,"Garbó T.D.","s.kék/v.szürke","1","XL",1
15723,"Ruha T.D.","k.kék","1","XL",3
15723,"Ruha T.D.","barna","1","XL",3
15723,"Ruha T.D.","k.kék","1","XL",2
15723,"Ruha T.D.","v.barna","1","XL",2
15763,"F.Pulóver","v.kék","1","XL",12
15764,"F.Pulóver","kék/piros","1","XL",2
15764,"Pulóver","fekete/kék/piros","1","XL",1
15797,"F.Pulóver","barna/bordó","1","XL",40
15797,"F.Pulóver","szürke-fehér","1","XL",10
19028,"Szoknya","piros/fehér","1","XL",1
19030,"Top","piros/fehér","1","XL",1
47082,"Top","piros","1","XL",5
47082,"Top","kék","1","XL",1
74555,"Szoknya","fehér","1","XL",3
74712,"Kabátka Z.K.","fehér","1","XL",1
75062,"Ruha","fehér","1","XL",1
15000,"Pulóver","farmer betétes","1","2XL",1
15098,"Pulóver","rombusz","1","2XL",2
15134,"Pulóver","barna mintás","1","2XL",1
15163,"Garbó","fekete","1","2XL",6
15184,"Pulóver","bordó/szürke/beige","1","2XL",1
15184,"Pulóver","fekete/v.szürke/s.kék","1","2XL",1
15185,"Pulóver","v.szürke/beige/s.barna","1","2XL",2
15185,"Pulóver","bordó/s.kék/s.szürke","1","2XL",2
15185,"Pulóver","v.szürke/s.kék/k.kék","1","2XL",2
15185,"Pulóver","s.kék/v.kék/s.szürke","1","2XL",2
15189,"Pulóver","s.szürke/v.kék","1","2XL",2
15189,"Pulóver","v.barna/v.kék","1","2XL",3
15189,"Pulóver","barna,beige","1","2XL",2
15207,"Kardigán","szürke","1","2XL",2
15207,"Kardigán","barna","1","2XL",3
15237,"Pulóver","ecrü","1","2XL",2
15237,"Pulóver","s.kék","1","2XL",26
15237,"Pulóver","barna","1","2XL",7
15237,"Pulóver","antracit","1","2XL",5
15237,"Pulóver","beige","1","2XL",1
15238,"Pulóver","beige","1","2XL",2
15238,"Pulóver","s.kék","1","2XL",25
15239,"Pulóver","s.kék","1","2XL",26
15239,"Pulóver","fekete","1","2XL",2
15243,"Pulóver","piros","1","2XL",10
15243,"Pulóver","k.kék","1","2XL",11
15243,"Pulóver","s.kék","1","2XL",7
15244,"Pulóver","piros","1","2XL",7
15244,"Pulóver","k.kék","1","2XL",8
15244,"Pulóver","s.kék","1","2XL",5
15245,"Pulóver","piros","1","2XL",13
15245,"Pulóver","k.kék","1","2XL",12
15245,"Pulóver","s.kék","1","2XL",11
15247,"Pulóver","s.kék","1","2XL",5
15286,"Pulóver","v.szürke","1","2XL",3
15287,"Pulóver","karamell","1","2XL",9
15287,"Pulóver","v.szürke","1","2XL",4
15288,"Pulóver","szürke/narancs","1","2XL",4
15288,"Pulóver","szürke/rózsaszín","1","2XL",5
15303,"Ingmellény","piros","1","2XL",8
15473,"Pulóver","barna","1","2XL",2
15473,"Pulóver","bordó","1","2XL",8
15473,"Pulóver","v.szürke","1","2XL",2
15473,"Pulóver","s.kék (antracit)","1","2XL",2
15473,"Pulóver","s.szürke","1","2XL",1
15474,"Pulóver","ecrü","1","2XL",7
15474,"Pulóver","s.szürke","1","2XL",1
15550,"Pulóver","szürke/kék","1","2XL",1
15550,"F.Pulóver","kék","1","2XL",18
15550,"F.Pulóver","kék","1","2XL",8
15551,"Pulóver","szürke/kék","1","2XL",1
15551,"F.Pulóver","kék","1","2XL",14
15551,"F.Pulóver","kék","1","2XL",20
15563,"Pulóver","k.kék","1","2XL",1
15563,"Pulóver","s.barna","1","2XL",1
15563,"N.Pulóver","bordó","1","2XL",6
15563,"N.Pulóver","zöld","1","2XL",5
15563,"N.Pulóver","v.barna","1","2XL",5
15563,"N.Pulóver","narancs","1","2XL",4
15563,"N.Pulóver","v.szürke","1","2XL",8
15563,"N.Pulóver","s.kék","1","2XL",8
15563,"N.Pulóver","v.kék","1","2XL",8
15563,"N.Pulóver","k.kék","1","2XL",5
15564,"Pulóver","s.kék","1","2XL",4
15564,"Pulóver","v.szürke","1","2XL",3
15566,"Pulóver","szürke","1","2XL",2
15568,"Garbó","v.kék (farmer)","1","2XL",4
15568,"Garbó","k.kék (antra)","1","2XL",5
15568,"Garbó","fekete","1","2XL",10
15568,"Garbó","s.kék","1","2XL",5
15568,"Garbó","s.szürke","1","2XL",6
15569,"Garbó","piros","1","2XL",1
15569,"Garbó","sárga","1","2XL",6
15569,"Garbó","piros","1","2XL",4
15569,"Garbó","k.kék","1","2XL",5
15569,"Garbó","s.kék","1","2XL",2
15569,"Garbó","fekete","1","2XL",1
15569,"Garbó","f.kék","1","2XL",4
15569,"Garbó","narancs","1","2XL",1
15569,"Garbó","s.lila","1","2XL",1
15569,"Garbó","sárga","1","2XL",1
15596,"Mellény","barna","1","2XL",1
15596,"Mellény","szürke","1","2XL",10
15596,"Mellény","fekete","1","2XL",24
15596,"Mellény","f.kék","1","2XL",1
15596,"Mellény","s.kék","1","2XL",9
15596,"Mellény","s.kék","1","2XL",18
15596,"Mellény","barna","1","2XL",6
15596,"Mellény","v.kék","1","2XL",3
15596,"Mellény","bordó","1","2XL",19
15596,"Mellény","k.kék","1","2XL",11
15597,"Pulóver","s.kék","1","2XL",21
15597,"Pulóver","szürke","1","2XL",19
15599,"Pulóver","s.kék","1","2XL",27
15633,"Ruha","szürke/piros","1","2XL",2
15633,"Ruha","szürke/bordó","1","2XL",7
15633,"Ruha","szürke/bordó","1","2XL",12
15633,"Ruha","kék/piros","1","2XL",4
15634,"Tunika","sárga","1","2XL",1
15634,"Tunika","piros","1","2XL",1
15634,"Tunika","k.kék","1","2XL",10
15634,"Tunika","s.kék (f)","1","2XL",4
15634,"Tunika","fekete","1","2XL",3
15639,"Ruha","narancs","1","2XL",4
15644,"Szoknya","s.szürke/v.szürke","1","2XL",4
15644,"Szoknya","barna/narancs","1","2XL",4
15655,"F.Pulóver","v.kék","1","2XL",20
15655,"F.Pulóver","szürke","1","2XL",1
15655,"F.Pulóver","barna","1","2XL",12
15655,"F.Pulóver","k.kék","1","2XL",13
15655,"F.Pulóver","k.kék","1","2XL",1
15657,"Póló","s.kék","1","2XL",11
15657,"Póló","szürke","1","2XL",2
15657,"Póló","fehér","1","2XL",8
15657,"Póló","narancs","1","2XL",1
15657,"Póló","fehér","1","2XL",1
15657,"Póló","szürke csíkos","1","2XL",3
15657,"Póló","zöld","1","2XL",1
15657,"Póló","kék","1","2XL",1
15657,"Póló","piros","1","2XL",1
15657,"Póló","zöld/szürke","1","2XL",6
15672,"F.Pulóver","v.kék","1","2XL",12
15672,"F.Pulóver","s.kék","1","2XL",19
15672,"F.Pulóver","piros","1","2XL",7
15672,"F.Pulóver","f.kék","1","2XL",9
15672,"F.Pulóver","s.barna","1","2XL",10
15672,"F.Pulóver","v.barna","1","2XL",17
15673,"F.Pulóver","v.kék","1","2XL",2
15673,"F.Pulóver","sárga","1","2XL",2
15673,"F.Pulóver","v.barna","1","2XL",3
15673,"F.Pulóver","kék","1","2XL",9
15673,"F.Pulóver","s.barna","1","2XL",10
15673,"F.Pulóver","sárga","1","2XL",7
15675,"N.Póló","zöld","1","2XL",6
15675,"N.Póló","mustár","1","2XL",5
15675,"N.Póló","lazac","1","2XL",5
15675,"Top","rózsa","1","2XL",6
15675,"Top","sárga","1","2XL",2
15675,"N.Póló","sárga","1","2XL",1
15678,"Top","s.barna csíkos","1","2XL",2
15678,"Top","v.barna síkos","1","2XL",2
15680,"Pulóver SF","v.kék","1","2XL",2
15680,"Pulóver SF","s.szürke","1","2XL",2
15680,"Pulóver SF","s.kék (antra)","1","2XL",16
15680,"F.Pulóver","s.kék","1","2XL",6
15680,"F.Pulóver","szürke","1","2XL",3
15681,"Pulóver SF","s.kék","1","2XL",2
15681,"F.Pulóver","v.kék","1","2XL",1
15681,"F.Pulóver","szürke","1","2XL",2
15681,"F.Pulóver","s.kék","1","2XL",1
15681,"F.Pulóver","kék","1","2XL",3
15681,"F.Pulóver","szürke","1","2XL",5
15683,"Ruha","szürke/kék","1","2XL",2
15683,"Ruha","barna/narancs","1","2XL",2
15683,"Ruha","kék/bordó","1","2XL",10
15683,"Ruha","szürke/kék","1","2XL",5
15683,"Ruha","barna/narancs","1","2XL",6
15685,"N.Pulóver","bordó","1","2XL",9
15685,"N.Pulóver","zöld","1","2XL",5
15685,"N.Pulóver","s.kék","1","2XL",10
15685,"N.Pulóver","fehér","1","2XL",7
15685,"N.Pulóver","szürke","1","2XL",4
15693,"N.Pulóver","s.kék","1","2XL",9
15693,"N.Pulóver","kék","1","2XL",6
15693,"N.Pulóver","piros","1","2XL",1
15694,"N.Pulóver","ecrü","1","2XL",1
15694,"N.Pulóver","barna","1","2XL",5
15694,"N.Pulóver","szürke","1","2XL",10
15694,"N.Pulóver","fehér","1","2XL",8
15694,"N.Pulóver","s.kék","1","2XL",4
15695,"N.Pulóver","zöld","1","2XL",5
15695,"N.Pulóver","bordó","1","2XL",10
15695,"N.Pulóver","piros","1","2XL",5
15695,"N.Pulóver","fehér/szürke/fekete/lila","1","2XL",1
15695,"N.Pulóver","s.kék","1","2XL",4
15695,"N.Pulóver","fehér","1","2XL",9
15695,"N.Pulóver","szürke","1","2XL",5
15696,"F.Pulóver","s.barna/narancs","1","2XL",2
15696,"F.Pulóver","s.barna/narancs","1","2XL",2
15696,"F.Pulóver","v.kék/s.szürke","1","2XL",4
15696,"F.Pulóver","v.kék/türkiz","1","2XL",4
15697,"Pulóver","barna/narancs","1","2XL",1
15697,"F.Pulóver","kék/szürke","1","2XL",9
15697,"F.Pulóver","barna/narancs","1","2XL",3
15697,"F.Pulóver","kék","1","2XL",5
15718,"F.Pulóver","v.kék","1","2XL",5
15720,"Szoknya T.D.","barna","1","2XL",3
15720,"Szoknya T.D.","kék","1","2XL",3
15721,"Garbó T.D.","s.barna/v.barna","1","2XL",3
15721,"Garbó T.D.","s.kék/v.szürke","1","2XL",1
15721,"Garbó T.D.","s.kék/v.szürke","1","2XL",1
15723,"Ruha T.D.","k.kék","1","2XL",3
15723,"Ruha T.D.","barna","1","2XL",3
15763,"F.Pulóver","v.kék","1","2XL",12
15764,"F.Pulóver","kék/piros","1","2XL",2
15797,"F.Pulóver","barna/bordó","1","2XL",25
15797,"F.Pulóver","barna/bordó","1","2XL",15
15103,"Ruha","ecrü","1","3XL",7
15172,"Mellény","fekete","1","3XL",2
15184,"Pulóver","v.kék/fehér/k.kék","1","3XL",3
15207,"Kardigán","barna","1","3XL",2
15237,"Pulóver","ecrü","1","3XL",2
15237,"Pulóver","s.kék","1","3XL",27
15237,"Pulóver","barna","1","3XL",8
15237,"Pulóver","antracit","1","3XL",16
15238,"Pulóver","beige","1","3XL",5
15238,"Pulóver","s.kék","1","3XL",31
15239,"Pulóver","s.kék","1","3XL",32
15239,"Pulóver","fekete","1","3XL",1
15243,"Pulóver","piros","1","3XL",10
15243,"Pulóver","s.kék","1","3XL",11
15244,"Pulóver","piros","1","3XL",11
15244,"Pulóver","k.kék","1","3XL",6
15244,"Pulóver","s.kék","1","3XL",4
15245,"Pulóver","piros","1","3XL",11
15245,"Pulóver","k.kék","1","3XL",12
15245,"Pulóver","s.kék","1","3XL",11
15287,"Pulóver","v.szürke","1","3XL",2
15303,"Ingmellény","piros","1","3XL",5
15303,"Ingmellény","s.kék","1","3XL",5
15473,"Pulóver","barna","1","3XL",2
15473,"Pulóver","bordó","1","3XL",9
15473,"Pulóver","ecrü","1","3XL",5
15473,"Pulóver","k.szürke","1","3XL",2
15473,"Pulóver","v.szürke","1","3XL",3
15473,"Pulóver","s.kék (antracit)","1","3XL",2
15473,"Pulóver","s.szürke","1","3XL",2
15474,"Pulóver","s.szürke","1","3XL",3
15474,"Pulóver","fekete","1","3XL",1
15550,"Pulóver","szürke/kék","1","3XL",1
15550,"Pulóver","barna/zöld","1","3XL",1
15550,"F.Pulóver","kék","1","3XL",28
15550,"F.Pulóver","kék","1","3XL",8
15551,"Pulóver","szürke/kék","1","3XL",1
15551,"Pulóver","barna/zöld","1","3XL",1
15551,"Pulóver","barna/narancs","1","3XL",1
15551,"F.Pulóver","kék","1","3XL",13
15563,"Pulóver","k.kék","1","3XL",1
15563,"Pulóver","s.barna","1","3XL",1
15563,"Pulóver","bordó","1","3XL",4
15563,"Pulóver","antracit","1","3XL",7
15563,"N.Pulóver","s.kék","1","3XL",1
15563,"N.Pulóver","bordó","1","3XL",8
15563,"N.Pulóver","zöld","1","3XL",6
15563,"N.Pulóver","v.barna","1","3XL",8
15563,"N.Pulóver","narancs","1","3XL",4
15563,"N.Pulóver","v.szürke","1","3XL",7
15563,"N.Pulóver","s.kék","1","3XL",9
15563,"N.Pulóver","v.kék","1","3XL",9
15563,"N.Pulóver","k.kék","1","3XL",10
15564,"Pulóver","s.kék","1","3XL",4
15564,"Pulóver","v.szürke","1","3XL",3
15566,"Pulóver","szürke","1","3XL",3
15568,"Garbó","v.kék (farmer)","1","3XL",7
15568,"Garbó","k.kék (antra)","1","3XL",6
15568,"Garbó","fekete","1","3XL",15
15568,"Garbó","s.kék","1","3XL",12
15568,"Garbó","zöld","1","3XL",2
15568,"Garbó","barna","1","3XL",7
15568,"Garbó","s.szürke","1","3XL",3
15569,"Garbó","v.kék","1","3XL",1
15569,"Garbó","sárga","1","3XL",4
15569,"Garbó","piros","1","3XL",4
15569,"Garbó","k.kék","1","3XL",5
15569,"Garbó","s.kék","1","3XL",2
15569,"Garbó","fekete","1","3XL",4
15569,"Garbó","f.kék","1","3XL",4
15569,"Garbó","v.lila","1","3XL",1
15596,"Mellény","fekete","1","3XL",5
15596,"Mellény","s.kék","1","3XL",1
15596,"Mellény","barna","1","3XL",5
15596,"Mellény","s.kék","1","3XL",11
15596,"Mellény","barna","1","3XL",9
15596,"Mellény","bordó","1","3XL",19
15596,"Mellény","k.kék","1","3XL",16
15597,"Pulóver","s.kék","1","3XL",4
15597,"Pulóver","szürke","1","3XL",4
15634,"Tunika","sárga","1","3XL",1
15634,"Tunika","piros","1","3XL",1
15634,"Tunika","k.kék","1","3XL",10
15634,"Tunika","s.kék (f)","1","3XL",3
15634,"Tunika","fekete","1","3XL",3
15634,"Tunika","f.kék","1","3XL",7
15638,"Szoknya","fekete/piros","1","3XL",4
15639,"Ruha","narancs","1","3XL",2
15655,"F.Pulóver","v.kék","1","3XL",10
15655,"F.Pulóver","zöld","1","3XL",1
15655,"F.Pulóver","k.kék","1","3XL",7
15655,"F.Pulóver","s.barna","1","3XL",5
15657,"Póló","s.kék","1","3XL",14
15657,"Póló","beige","1","3XL",2
15657,"Póló","zöld","1","3XL",1
15657,"Póló","k.kék","1","3XL",2
15672,"F.Pulóver","v.kék","1","3XL",6
15672,"F.Pulóver","piros","1","3XL",7
15672,"F.Pulóver","f.kék","1","3XL",9
15672,"F.Pulóver","s.barna","1","3XL",12
15672,"F.Pulóver","v.barna","1","3XL",13
15672,"F.Pulóver","narancs","1","3XL",10
15673,"F.Pulóver","s.kék","1","3XL",20
15673,"F.Pulóver","v.kék","1","3XL",9
15673,"F.Pulóver","sárga","1","3XL",4
15673,"F.Pulóver","v.barna","1","3XL",5
15673,"F.Pulóver","s.barna","1","3XL",4
15673,"F.Pulóver","kék","1","3XL",10
15673,"F.Pulóver","s.barna","1","3XL",4
15673,"F.Pulóver","sárga","1","3XL",5
15675,"Top","rózsa","1","3XL",6
15675,"Top","sárga","1","3XL",3
15675,"Póló","rózsa","1","3XL",3
15675,"Póló","zöld","1","3XL",7
15675,"Póló","sárga","1","3XL",4
15680,"Pulóver SF","s.szürke","1","3XL",3
15680,"Pulóver SF","s.kék (antra)","1","3XL",17
15680,"F.Pulóver","s.kék","1","3XL",5
15681,"Pulóver SF","s.kék","1","3XL",2
15681,"F.Pulóver","v.kék","1","3XL",1
15681,"F.Pulóver","szürke","1","3XL",2
15681,"F.Pulóver","s.kék","1","3XL",20
15681,"F.Pulóver","kék","1","3XL",1
15681,"F.Pulóver","szürke","1","3XL",6
15693,"N.Pulóver","s.kék","1","3XL",3
15694,"N.Pulóver","s.kék","1","3XL",5
15695,"N.Pulóver","piros","1","3XL",5
15695,"N.Pulóver","s.kék","1","3XL",5
15695,"N.Pulóver","fehér","1","3XL",9
15696,"F.Pulóver","s.barna/narancs","1","3XL",4
15696,"F.Pulóver","v.kék/s.szürke","1","3XL",4
15696,"F.Pulóver","v.kék/türkiz","1","3XL",4
15697,"Pulóver","barna/narancs","1","3XL",1
15697,"F.Pulóver","kék/szürke","1","3XL",8
15697,"F.Pulóver","barna/narancs","1","3XL",3
15697,"F.Pulóver","v.kék/szürke","1","3XL",5
15718,"F.Pulóver","v.kék","1","3XL",5
15764,"F.Pulóver","kék/piros","1","3XL",4
15797,"F.Pulóver","barna/bordó","1","3XL",21
15797,"F.Pulóver","barna/bordó","1","3XL",19
15797,"F.Pulóver","szürke-fehér","1","3XL",10
74248,"Pulóver","fehér","1","3XL",1
15657,"Póló","s.kék","1","4XL",1
15657,"Póló","beige","1","4XL",2
15657,"Póló","kék/piros-fehér-szürke","1","4XL",5
15160,"Pulóver - PICK","v.szürke","1","5XL",1
15657,"Póló","s.kék","1","5XL",2
15657,"Póló","beige","1","5XL",2
15657,"Póló","kék/szürke-piros-fehér","1","5XL",3
15174,"PICK sál - kicsi"," ","1","egy méret",14
15375,"Nyakkendő","sárga","1","egy méret",1
15375,"Nyakkendő","nemzeti","1","egy méret",7
15375,"Nyakkendő","sárga/piros","1","egy méret",19
15375,"Nyakkendő","zöld/piros","1","egy méret",9
15375,"Nyakkendő","piros/türkiz","1","egy méret",5
15393,"Nyakkendő","zöld","1","egy méret",15
15393,"Nyakkendő","piros","1","egy méret",69
15398,"Nyakkendő Sz.E.","fekete/fehér","1","egy méret",20
15398,"Nyakkendő","fekete/sárga","1","egy méret",1
15413,"Sál Sz.E.","fekete/fehér","1","egy méret",1
15414,"Sál Sz.E.","fekete/fehér","1","egy méret",42
15415,"Sál Sz.E.","fekete","1","egy méret",31
15565,"Sál","s.barna","1","egy méret",12
15565,"Sál","piros","1","egy méret",19
15565,"Sál","k.kék","1","egy méret",10
15565,"Sál","antracit","1","egy méret",21
15565,"Sál","mogyoró","1","egy méret",3
15565,"Sál","v.kék","1","egy méret",8
15565,"Sál","s.kék","1","egy méret",9
15565,"Sál","antra","1","egy méret",7
15565,"Sál","piros","1","egy méret",7
15565,"Sál","s.barna","1","egy méret",5
15565,"Sál","k.kék","1","egy méret",10
15580,"Sál","PICK","1","egy méret",20
47018,"Sapka","sárga","1","egy méret",1
47028,"N.Blúz","piros/kék","1","egy méret",1
47030,"zsebkendő tartó","v.kék","1","egy méret",1
47038,"Top+szoknya","bordó,sárga,kék","1","egy méret",11
47039,"Partedli","s.kék","1","egy méret",340
47059,"Szoknya","bordó,fekete,kék","1","egy méret",5
11025,"Gy.Póló","csíkos","1","5",3
11025,"Gy.Póló","csíkos","1","6",5
11025,"Gy.Póló","csíkos","1","8",8
15598,"Gy.pulóver","s.kék","1","8",17
15598,"Gy.pulóver","s.kék","1","12",28
15598,"Gy.pulóver","s.kék","1","14",19
15598,"Gy.pulóver","s.kék","1","16",37
47000,"Gyerek","vegyes","1","egy méret",34
47012,"Gy.Top","bordó","1","egy méret",1
47012,"Gy.Top","fehér","1","egy méret",1
47029,"Lányka szoknya","piros","1","egy méret",1
15173,"Pulóver","s.kék",2,"XS",4
15485,"Top","fehér",2,"XS",1
15503,"Pulóver","fehér",2,"XS",1
15508,"Szoknya","fehér",2,"XS",1
15636,"Szoknya","s.kék (f)",2,"XS",1
11030,"Póló","csíkos","2","S",1
11039,"Póló","csíkos","2","S",2
15101,"Pulóver","fehér","2","S",3
15103,"Ruha","fehér","2","S",1
15160,"Pulóver","s.kék","2","S",5
15172,"Mellény","s.kék","2","S",5
15173,"Pulóver","fekete","2","S",1
15232,"Top","sárga","2","S",1
15237,"Pulóver","piros","2","S",1
15238,"Pulóver","s.kék","2","S",4
15239,"Pulóver","s.kék","2","S",3
15241,"Ruha","piros","2","S",1
15277,"Póló","pink","2","S",1
15284,"Pulóver","barna","2","S",1
15284,"Pulóver","v.kék","2","S",7
15285,"Top","kék csíkos","2","S",1
15287,"Pulóver","v.szürke","2","S",1
15288,"Pulóver","szürke/rózsa","2","S",1
15291,"Ruha","zöld","2","S",1
15292,"Kardigán","kék","2","S",1
15304,"Póló","sárga","2","S",1
15305,"Kardigán","lila","2","S",1
15327,"Ruha","fehér","2","S",2
15473,"Pulóver","bordó","2","S",1
15482,"Ruha","rózsa/lazac","2","S",1
15487,"Ruha","fehér/türkiz","2","S",1
15506,"Ruha","fehér","2","S",1
15507,"Top","sárga","2","S",1
15554,"Pulóver","bordó","2","S",1
15563,"Pulóver","s.barna","2","S",1
15569,"Garbó","piros","2","S",1
15597,"Pulóver","s.kék","2","S",1
15633,"Ruha","barna/sárga","2","S",1
15636,"Szoknya","zöld","2","S",1
15636,"Szoknya","barna","2","S",1
15636,"Szoknya","szürke","2","S",1
15638,"Szoknya","k.kék/fekete","2","S",1
15680,"Pulóver","s.kék","2","S",1
74712,"Kardigán Z.K.","fehér","2","S",1
11039,"Póló","s.kék","2","M",1
11039,"Póló","fehér","2","M",4
11060,"Póló","szürke","2","M",2
11060,"Póló","csíkos","2","M",1
14860,"Pulóver","beige","2","M",1
15067,"Tunika","szürke","2","M",1
15101,"Pulóver","fehér","2","M",2
15103,"Ruha","fehér","2","M",1
15160,"Pulóver","s.kék","2","M",5
15172,"Mellény","s.kék","2","M",2
15173,"Pulóver","fekete","2","M",1
15234,"Tunika","lazac","2","M",1
15237,"Pulóver","piros","2","M",2
15237,"Pulóver","fekete","2","M",8
15238,"Pulóver","s.kék","2","M",1
15243,"Pulóver","piros","2","M",8
15245,"Pulóver","s.kék","2","M",4
15245,"Pulóver","k.kék","2","M",1
15245,"Pulóver","s.kék","2","M",11
15246,"Mellény","piros","2","M",2
15248,"Ruha","s.kék","2","M",4
15275,"Ruha","pink","2","M",1
15279,"Kardigán","beige","2","M",2
15282,"Kardigán","barna","2","M",5
15282,"Kardigán","türkiz","2","M",1
15284,"Pulóver","v.kék","2","M",5
15288,"Pulóver","szürke/narancs","2","M",1
15291,"Ruha","zöld","2","M",1
15347,"Pelerin","kék/fekete","2","M",1
15387,"Garbó","s.kék","2","M",2
15474,"Pulóver","piros","2","M",3
15486,"Kardign","fehér/türkiz","2","M",1
15503,"Pulóver","fehér","2","M",2
15506,"Ruha","sárga","2","M",1
15506,"Ruha","fehér","2","M",1
15507,"Top","fehér","2","M",1
15563,"Pulóver","mogyoró","2","M",1
15568,"Garbó","fekete","2","M",1
15634,"Tunika","s.kék","2","M",1
15636,"Szoknya","sárga","2","M",1
15655,"Pulóver","f.kék","2","M",1
15685,"Pulóver","ecrü","2","M",1
73305,"Ruha Z.K.","kék","2","M",1
11021,"Póló","csíkos","2","L",1
11039,"Póló","fehér","2","L",1
15048,"Pulóver","fekete","2","L",1
15101,"Pulóver","fehér","2","L",1
15173,"Pulóver","fekete","2","L",1
15237,"Pulóver","piros","2","L",2
15237,"Pulóver","fekete","2","L",5
15238,"Pulóver","s.kék","2","L",1
15239,"Pulóver","s.kék","2","L",3
15275,"Ruha","pink","2","L",2
15278,"Póló","szürke","2","L",1
15279,"Kardigán","beige","2","L",2
15284,"Pulóver","v.kék","2","L",3
15285,"Top","kék csíkos","2","L",1
15292,"Kabátka","sárga","2","L",2
15294,"Szoknya","fehér/kék","2","L",1
15327,"Ruha","fehér","2","L",1
15344,"Ruha","fekete","2","L",1
15387,"Garbó","s.kék","2","L",1
15474,"Pulóver","piros","2","L",8
15506,"Ruha","fehér","2","L",1
15569,"Garbó","piros","2","L",1
15597,"Pulóver","s.kék","2","L",1
15599,"Pulóver","s.kék","2","L",3
15633,"Ruha","kék/piros","2","L",1
15633,"Ruha","szürke/bordó","2","L",1
15634,"Tunika","f.kék","2","L",1
15636,"Szoknya","fekete","2","L",1
15655,"Pulóver","narancs","2","L",1
15655,"Pulóver","barna","2","L",1
15657,"Póló","szürke/zöld","2","L",1
74860,"Pulóver Z.K.","fehér/kék","2","L",1
11039,"Póló","fehér","2","XL",3
11039,"Póló","csíkos","2","XL",1
11060,"Póló","szürke","2","XL",2
15067,"Tunika","szürke","2","XL",1
15100,"Kardigán","fehér","2","XL",1
15103,"Ruha","fehér","2","XL",2
15103,"Ruha","s.kék","2","XL",1
15160,"Pulóver","fekete","2","XL",1
15163,"Pulóver","fekete","2","XL",1
15173,"Pulóver","fekete","2","XL",3
15173,"Pulóver","s.kék","2","XL",1
15220,"Kardigán","szürke","2","XL",1
15234,"Tunika","fehér","2","XL",2
15234,"Tunika","lazac","2","XL",2
15237,"Pulóver","szürke","2","XL",2
15237,"Pulóver","piros","2","XL",3
15237,"Pulóver","ecrü","2","XL",3
15237,"Pulóver","ecrü","2","XL",2
15238,"Pulóver","s.kék","2","XL",1
15239,"Pulóver","s.kék","2","XL",1
15244,"Pulóver","k.kék","2","XL",1
15244,"Pulóver","piros","2","XL",2
15246,"Mellény","s.barna","2","XL",1
15279,"Kardigán","beige","2","XL",1
15282,"Kardigán","barna","2","XL",2
15284,"Pulóver","lazac","2","XL",1
15284,"Pulóver","v.kék","2","XL",5
15287,"Pulóver","v.szürke","2","XL",1
15312,"Pulóver","fekete/fehér","2","XL",1
15373,"Pulóver","csíkos","2","XL",1
15387,"Garbó","s.kék","2","XL",1
15506,"Ruha","fehér","2","XL",1
15569,"Garbó","k.kék","2","XL",1
15599,"Pulóver","s.kék","2","XL",5
15633,"Ruha","kék/piros","2","XL",1
15639,"Ruha","bordó","2","XL",1
15657,"Póló","s.kék","2","XL",2
15683,"Ruha","szürke/kék","2","XL",1
73312,"Kabátka Z.K.","szürke","2","XL",1
11021,"Póló","csíkos","2","2XL",1
15103,"Ruha","fehér","2","2XL",1
15173,"Pulóver","fekete","2","2XL",1
15237,"Pulóver","szürke","2","2XL",2
15237,"Pulóver","piros","2","2XL",1
15237,"Pulóver","ecrü","2","2XL",4
15243,"Pulóver","piros","2","2XL",1
15244,"Pulóver","k.kék","2","2XL",1
15244,"Pulóver","s.kék","2","2XL",1
15374,"Pulóver","s.kék","2","2XL",1
15387,"Garbó","s.kék","2","2XL",2
15569,"Garbó","s.kék","2","2XL",1
15657,"Póló","s.kék","2","2XL",2
15685,"Pulóver","ecrü","2","2XL",1
15685,"Pulóver","bordó","2","2XL",1
15103,"Ruha","fehér","2","3XL",1
15237,"Pulóver","ecrü","2","3XL",4
15243,"Pulóver","piros","2","3XL",1
15244,"Pulóver","k.kék","2","3XL",1
15244,"Pulóver","piros","2","3XL",2
15569,"Garbó","s.kék","2","3XL",1
15393,"Nyakkendő","piros","2","egy méret",1
15102,"Gy.Kardigán","fehér",2,"4",1
15110,"Gy.pulóver","fehér",2,"4",3
19005,"Gy.kardigán","szürke",2,"4",1
15102,"Gy.Kardigán","fehér",2,"6",2
19005,"Gy.kardigán","szürke",2,"6",2
19005,"Gy.kardigán","szürke",2,"8",2
19005,"Gy.kardigán","szürke",2,"10",2
15598,"Gy.pulóver","s.kék",2,"14",1
15598,"Gy.pulóver","s.kék",2,"16",1
14840,"Gy.sál","fehér",2,"egy méret",1
